scheme_name,informarion,state,gender

"Mahatma Phule Krishi Sinchan Yojana (Drip Irrigation Scheme)","Mahatma Phule Krishi Sinchan Yojana, also known as the Drip Irrigation Scheme, aims to promote modern irrigation techniques such as drip and sprinkler systems among farmers in Maharashtra. This scheme is open to all farmers, including male farmers, across the state. It provides substantial subsidies on the installation of irrigation systems to help conserve water and improve agricultural productivity, leading to more sustainable farming practices.","Maharashtra","Male"
"Mahatma Phule Shetkari Karj Mukti Yojana (Farmer Loan Waiver Scheme)","The Mahatma Phule Shetkari Karj Mukti Yojana, or Farmer Loan Waiver Scheme, provides debt relief to farmers in Maharashtra by waiving their outstanding agricultural loans. The scheme is intended for farmers, including male farmers, who have crop loans. By waiving off their debt, the scheme helps alleviate the financial burden on farmers, providing them with a fresh start and the opportunity to improve their economic condition.","Maharashtra","Male"
"Baliraja Chetna Abhiyan","Baliraja Chetna Abhiyan focuses on empowering farmers with knowledge about modern agricultural practices and financial management. The scheme targets farmers in Maharashtra, including male farmers, by offering training and workshops on advanced farming techniques, crop management, and market trends. This knowledge transfer helps farmers increase productivity and improve their overall agricultural practices.","Maharashtra","Male"
"Shivaji Maharaj Shetkari Sanman Yojana (Chief Minister's Agriculture Investment Scheme)","Shivaji Maharaj Shetkari Sanman Yojana, or the Chief Minister's Agriculture Investment Scheme, provides financial support to farmers for purchasing farm equipment and implementing modern agricultural practices. The scheme is open to all farmers in Maharashtra, including male farmers. Through financial assistance, it helps farmers acquire farm machinery, equipment, and other agricultural inputs necessary for enhancing their farming operations.","Maharashtra","Male"
"Pradhan Mantri Fasal Bima Yojana (PMFBY)","Pradhan Mantri Fasal Bima Yojana (PMFBY), although a central government scheme, is implemented by the Maharashtra government for farmers in the state. The scheme offers insurance coverage against crop loss for all farmers in Maharashtra, including male farmers. It covers various risks such as natural calamities, pests, and diseases, ensuring financial security for farmers in case of adverse events affecting their crops.","Maharashtra","Male"

"Sukanya Samriddhi Yojana","Sukanya Samriddhi Yojana is a small savings scheme aimed at securing the future of girl children in Maharashtra and across India. Parents or legal guardians can open an account in the name of a girl child under the age of 10. The scheme offers attractive interest rates and tax benefits on deposits, providing a secure financial plan for the girl's education and marriage expenses. Deposits can be made regularly, and the account matures when the girl reaches the age of 21. The scheme encourages saving for the future of the girl child, helping to improve her socio-economic status.","Maharashtra","Female"
"Jeevan Jyoti Yojana","Jeevan Jyoti Yojana focuses on improving the health and well-being of pregnant women and new mothers in Maharashtra. Women from low-income households are eligible for this scheme, which provides access to quality healthcare, nutritional supplements, and financial assistance for safe childbirth. The scheme ensures that expectant and new mothers receive necessary medical attention and resources during pregnancy and postnatal care, contributing to lower maternal and infant mortality rates.","Maharashtra","Female"
"Mahila Arthik Vikas Mahamandal (MAVIM)","Mahila Arthik Vikas Mahamandal (MAVIM) is a women's development corporation in Maharashtra that empowers women socially and economically. It forms self-help groups (SHGs) and provides them with financial assistance, training, and support for starting and expanding small businesses. MAVIM targets women from rural and underserved areas, helping them gain financial independence and entrepreneurial skills. Through capacity-building initiatives, the scheme promotes gender equality and women's empowerment in the state.","Maharashtra","Female"
"Savitribai Phule Scholarship Scheme","The Savitribai Phule Scholarship Scheme supports the education of girls from economically weaker sections in Maharashtra. The scheme offers financial assistance for tuition fees and other educational expenses, particularly at the higher secondary and college levels. By reducing the financial burden on families, the scheme encourages girls to pursue their studies and achieve their academic goals. This investment in female education promotes gender equity and empowers women to contribute to the state's development.","Maharashtra","Female"
"Mahatma Jyotirao Phule Jan Arogya Yojana","Mahatma Jyotirao Phule Jan Arogya Yojana is a health insurance scheme that provides free medical treatment to economically weaker sections, including women in Maharashtra. The scheme covers various medical procedures and treatments, offering financial relief to women in need of healthcare services. It plays a crucial role in improving the overall health and quality of life for women, especially those who cannot afford expensive medical treatments. This initiative ensures accessible healthcare and promotes women's health across the state.","Maharashtra","Female"

"Uttar Pradesh Mukhya Mantri Krishak Durghatana Kalyan Yojana","Uttar Pradesh Mukhya Mantri Krishak Durghatana Kalyan Yojana provides financial assistance to farmers in the event of an accident. In cases of accidental death or permanent disability of a farmer, the scheme offers compensation to the family. This financial support helps secure the welfare of farmers' families, providing them with stability during difficult times. By offering a safety net in the event of accidents, the scheme aims to alleviate the financial stress on farmers and their dependents.","Uttar Pradesh","Male"
"Uttar Pradesh Fasal Rin Mochan Yojana (Farm Loan Waiver Scheme)","Uttar Pradesh Fasal Rin Mochan Yojana (Farm Loan Waiver Scheme) provides debt relief to farmers by waiving outstanding crop loans. The scheme targets small and marginal farmers in the state, helping them overcome financial burdens. By relieving farmers of their loan obligations, the scheme allows them to continue their agricultural activities without debt-related stress, leading to improved economic stability and resilience.","Uttar Pradesh","Male"
"Uttar Pradesh Krishi Utpadan Mandi Samiti","Uttar Pradesh Krishi Utpadan Mandi Samiti focuses on improving market infrastructure for farmers, including the establishment of mandis (markets) and online trading platforms. This initiative helps farmers access fair and transparent markets, allowing them to obtain better prices for their produce. By connecting farmers with more efficient and effective markets, the scheme aims to boost their income and enhance the overall agricultural economy in the state.","Uttar Pradesh","Male"
"Kisan Pathshala (Farmer School)","Kisan Pathshala (Farmer School) is a training program designed to educate farmers on modern agricultural practices and technologies. The program provides male and female farmers with knowledge about efficient farming techniques, soil health, pest management, and crop diversification. By improving farmers' skills and knowledge, Kisan Pathshala helps increase productivity and profitability, contributing to sustainable agricultural growth in Uttar Pradesh.","Uttar Pradesh","Male"
"Uttar Pradesh Kisan Samman Nidhi","Uttar Pradesh Kisan Samman Nidhi is an implementation of the Pradhan Mantri Kisan Samman Nidhi scheme in the state. The program offers direct financial assistance of INR 6,000 per year in three equal installments to small and marginal farmers. This financial support helps farmers manage their agricultural expenses and improves their quality of life. By providing regular income support, the scheme aims to strengthen the economic stability of farmers and enhance their overall well-being.","Uttar Pradesh","Male"

"Kanya Sumangala Yojana","Kanya Sumangala Yojana is a financial assistance scheme designed to improve the status of girl children in Uttar Pradesh. It provides monetary support to families at different stages of a girl's life, including birth, education, and marriage. The scheme offers conditional cash transfers at various milestones, encouraging families to invest in girls' health, education, and overall well-being. This initiative promotes the empowerment of girls and aims to improve gender equality in the state.","Uttar Pradesh","Female"
"Uttar Pradesh Mahila Samarthya Yojana:","Uttar Pradesh Mahila Samarthya Yojana empowers women through the formation and support of self-help groups (SHGs) and vocational training. The scheme offers financial assistance, guidance, and training to women involved in SHGs, helping them start or expand small businesses. By fostering entrepreneurship and self-sufficiency, the scheme enhances women's economic independence and allows them to contribute to their families and communities.","Uttar Pradesh","Female"
"Uttar Pradesh Chief Minister's Women's Safety and Dignity Fund","The Uttar Pradesh Chief Minister's Women's Safety and Dignity Fund focuses on ensuring the safety and dignity of women in the state. It provides financial support for initiatives that address issues such as gender-based violence, harassment, and discrimination. The fund backs projects that promote women's empowerment, legal aid, and awareness campaigns to improve the overall safety and dignity of women across the state.","Uttar Pradesh","Female"
"Rani Laxmi Bai Maternity Assistance Scheme:","Rani Laxmi Bai Maternity Assistance Scheme offers financial assistance to pregnant women and new mothers, especially those from economically weaker sections. The scheme provides a one-time payment to help cover medical expenses and other costs related to childbirth. By supporting women during and after pregnancy, the scheme aims to improve maternal and child health outcomes, reducing the financial burden on families.","Uttar Pradesh","Female"
"Uttar Pradesh Kanya Vidya Dhan Yojana:","Uttar Pradesh Kanya Vidya Dhan Yojana provides financial support to girls from economically disadvantaged backgrounds for their higher education. Eligible girls receive a one-time grant to pursue their studies after passing their intermediate exams. The scheme encourages girls to continue their education and pursue academic goals, promoting gender equality and women's empowerment in the state. This initiative aims to improve the future prospects of girls and empower them through education.","Uttar Pradesh","Female"

"Rajasthan Kisan Karj Mafi Yojana (Farm Loan Waiver Scheme)","Rajasthan Kisan Karj Mafi Yojana (Farm Loan Waiver Scheme) provides debt relief to farmers by waiving their outstanding agricultural loans. The scheme targets small and marginal farmers to help them overcome financial burdens. By forgiving existing loans, the scheme offers farmers a fresh start and alleviates debt stress, allowing them to continue farming without the added pressure of repayment.","Rajasthan","Male"
"Rajasthan Mukhyamantri Kisan Mitra Urja Yojana","Rajasthan Mukhyamantri Kisan Mitra Urja Yojana aims to provide affordable electricity to farmers for agricultural purposes. Eligible farmers receive a subsidy on their electricity bills, helping them power irrigation systems and other equipment cost-effectively. This financial relief reduces operational costs for farmers, enabling them to allocate more resources to improving their productivity and profitability.","Rajasthan","Male"
"Rajasthan Kisan Bima Yojana","Rajasthan Kisan Bima Yojana offers insurance coverage to farmers against crop loss due to natural calamities, pests, or diseases. The scheme provides compensation for crop loss, ensuring farmers have a safety net in times of unexpected challenges. By offering financial protection, the scheme helps farmers recover and continue their agricultural practices, promoting resilience in the farming community.","Rajasthan","Male"
"Rajasthan Kisan Krishi Yantra Anudan Yojana","Rajasthan Kisan Krishi Yantra Anudan Yojana provides subsidies to farmers for purchasing modern agricultural machinery and equipment. Eligible farmers can receive financial assistance to acquire tools such as tractors, harvesters, and other advanced farming implements. This scheme helps farmers improve efficiency and productivity by modernizing their agricultural practices.","Rajasthan","Male"
"Rajasthan Fasal Rin Anudan Yojana","Rajasthan Fasal Rin Anudan Yojana assists farmers with crop loans, offering financial support for loan repayment in case of crop failure. When unforeseen events such as natural disasters affect crop yields, the scheme provides grants to farmers to help them repay loans. This financial support prevents farmers from falling into debt traps and ensures the continuity of their farming activities.","Rajasthan","Male"

"Rajasthan Shubh Shakti Yojana","Rajasthan Shubh Shakti Yojana provides financial assistance to daughters of registered laborers for their higher education or marriage. The scheme offers monetary support to cover expenses such as tuition fees or marriage-related costs. By supporting women's education and marriage, the scheme empowers them and helps improve their socio-economic status, promoting gender equality in the state.","Rajasthan","Female"
"Rajasthan Mahila Shakti Karyakram","Rajasthan Mahila Shakti Karyakram focuses on empowering women through education, training, and employment opportunities. It offers skill development courses and financial assistance for self-employment projects. By fostering entrepreneurship and professional growth, the scheme enhances women's economic independence and contributes to their overall well-being and self-reliance.","Rajasthan","Female"
"Rajasthan Indira Mahila Shakti Nidhi Yojana","Rajasthan Indira Mahila Shakti Nidhi Yojana provides financial assistance and support to self-help groups (SHGs) led by women. The scheme offers loans and subsidies for income-generating activities and entrepreneurial ventures. By encouraging women's participation in economic activities, the scheme helps them achieve financial independence and become key contributors to their families and communities.","Rajasthan","Female"
"Rajasthan Balika Shiksha Protsahan Yojana","Rajasthan Balika Shiksha Protsahan Yojana promotes the education of girl children by providing scholarships and financial incentives for attending school. The scheme targets girls from economically weaker backgrounds, assisting them in accessing quality education and continuing their studies. By supporting girls' education, the scheme seeks to improve literacy rates and promote gender equality throughout the state.","Rajasthan","Female"
"Rajasthan Udaan Yojana","Rajasthan Udaan Yojana focuses on providing career counseling and employment opportunities for women in Rajasthan. It offers guidance and training in various trades and professions, enabling women to acquire relevant skills and secure suitable jobs. By facilitating women's entry into the workforce, the scheme promotes their economic empowerment and helps close the gender gap in employment.","Rajasthan","Female"
